<?xml version="1.0" encoding="UTF-8"?>
<!DOCTYPE hibernate-configuration PUBLIC  
          "-//Hibernate/Hibernate Configuration DTD 5.3//EN"  
          "http://hibernate.sourceforge.net/hibernate-configuration-5.3.dtd">  
<hibernate-configuration>
	<session-factory>
		<property name="hibernate.hbm2ddl.auto">update</property>
		<property name="dialect">org.hibernate.dialect.MySQL5Dialect</property>
		<property name="hibernate.connection.url">jdbc:mysql://localhost/test</property>
		<property name="hibernate.connection.driver.class">com.mysql.cj.jdbc.Driver</property>
		<property name="hibernate.connection.username">root</property>
		<property name="hibernate.connection.password">root</property>
		<property name="show_sql">true</property>
		<property name="format_sql">true</property>
		<mapping class="com.yash.model.Transaction" />
		<mapping class="com.yash.model.Customer" />
	</session-factory>
</hibernate-configuration><?xml version="1.0" encoding="UTF-8"?>